r_best,r_max,r_top,r_avg_full,r_avg_sub,l_avg_full,l_avg_sub,ewma,n_unique_full,n_unique_sub,n_novel_full,n_novel_sub,a_ent_full,a_ent_sub,invalid_avg_full,invalid_avg_sub,baseline,time
0.000000000000000000e+00,0.000000000000000000e+00,0.000000000000000000e+00,0.000000000000000000e+00,0.000000000000000000e+00,1.186545467376708984e+01,1.186545467376708984e+01,0.000000000000000000e+00,5.500000000000000000e+02,5.500000000000000000e+02,5.500000000000000000e+02,5.500000000000000000e+02,2.456850528717041016e+00,2.456850528717041016e+00,3.272727131843566895e-02,3.272727131843566895e-02,0.000000000000000000e+00,8.640263366699218750e+01
0.000000000000000000e+00,0.000000000000000000e+00,0.000000000000000000e+00,0.000000000000000000e+00,0.000000000000000000e+00,1.082727241516113281e+01,1.082727241516113281e+01,0.000000000000000000e+00,5.500000000000000000e+02,5.500000000000000000e+02,5.500000000000000000e+02,5.500000000000000000e+02,2.183473110198974609e+00,2.183473110198974609e+00,0.000000000000000000e+00,0.000000000000000000e+00,0.000000000000000000e+00,1.801697998046875000e+02
0.000000000000000000e+00,0.000000000000000000e+00,0.000000000000000000e+00,0.000000000000000000e+00,0.000000000000000000e+00,1.063454532623291016e+01,1.063454532623291016e+01,0.000000000000000000e+00,5.320000000000000000e+02,5.320000000000000000e+02,5.310000000000000000e+02,5.310000000000000000e+02,1.983597159385681152e+00,1.983597159385681152e+00,0.000000000000000000e+00,0.000000000000000000e+00,0.000000000000000000e+00,2.771470336914062500e+02
0.000000000000000000e+00,0.000000000000000000e+00,0.000000000000000000e+00,0.000000000000000000e+00,0.000000000000000000e+00,1.157636356353759766e+01,1.157636356353759766e+01,0.000000000000000000e+00,5.490000000000000000e+02,5.490000000000000000e+02,5.480000000000000000e+02,5.480000000000000000e+02,1.979982733726501465e+00,1.979982733726501465e+00,0.000000000000000000e+00,0.000000000000000000e+00,0.000000000000000000e+00,3.708529357910156250e+02
0.000000000000000000e+00,0.000000000000000000e+00,0.000000000000000000e+00,0.000000000000000000e+00,0.000000000000000000e+00,1.087636375427246094e+01,1.087636375427246094e+01,0.000000000000000000e+00,4.980000000000000000e+02,4.980000000000000000e+02,4.770000000000000000e+02,4.770000000000000000e+02,2.032555341720581055e+00,2.032555341720581055e+00,0.000000000000000000e+00,0.000000000000000000e+00,0.000000000000000000e+00,4.657919006347656250e+02
0.000000000000000000e+00,0.000000000000000000e+00,0.000000000000000000e+00,0.000000000000000000e+00,0.000000000000000000e+00,1.128181838989257812e+01,1.128181838989257812e+01,0.000000000000000000e+00,5.320000000000000000e+02,5.320000000000000000e+02,5.090000000000000000e+02,5.090000000000000000e+02,2.058593750000000000e+00,2.058593750000000000e+00,0.000000000000000000e+00,0.000000000000000000e+00,0.000000000000000000e+00,5.630068969726562500e+02
0.000000000000000000e+00,0.000000000000000000e+00,0.000000000000000000e+00,0.000000000000000000e+00,0.000000000000000000e+00,1.211818218231201172e+01,1.211818218231201172e+01,0.000000000000000000e+00,5.320000000000000000e+02,5.320000000000000000e+02,5.130000000000000000e+02,5.130000000000000000e+02,1.768727302551269531e+00,1.768727302551269531e+00,0.000000000000000000e+00,0.000000000000000000e+00,0.000000000000000000e+00,6.554625244140625000e+02
0.000000000000000000e+00,0.000000000000000000e+00,0.000000000000000000e+00,0.000000000000000000e+00,0.000000000000000000e+00,1.228727245330810547e+01,1.228727245330810547e+01,0.000000000000000000e+00,5.070000000000000000e+02,5.070000000000000000e+02,4.750000000000000000e+02,4.750000000000000000e+02,1.683878064155578613e+00,1.683878064155578613e+00,0.000000000000000000e+00,0.000000000000000000e+00,0.000000000000000000e+00,7.456142578125000000e+02
0.000000000000000000e+00,0.000000000000000000e+00,0.000000000000000000e+00,0.000000000000000000e+00,0.000000000000000000e+00,1.172545433044433594e+01,1.172545433044433594e+01,0.000000000000000000e+00,5.160000000000000000e+02,5.160000000000000000e+02,4.910000000000000000e+02,4.910000000000000000e+02,1.808671832084655762e+00,1.808671832084655762e+00,0.000000000000000000e+00,0.000000000000000000e+00,0.000000000000000000e+00,8.418611450195312500e+02
0.000000000000000000e+00,0.000000000000000000e+00,0.000000000000000000e+00,0.000000000000000000e+00,0.000000000000000000e+00,1.208181858062744141e+01,1.208181858062744141e+01,0.000000000000000000e+00,4.440000000000000000e+02,4.440000000000000000e+02,3.650000000000000000e+02,3.650000000000000000e+02,1.548315525054931641e+00,1.548315525054931641e+00,0.000000000000000000e+00,0.000000000000000000e+00,0.000000000000000000e+00,9.327144775390625000e+02
0.000000000000000000e+00,0.000000000000000000e+00,0.000000000000000000e+00,0.000000000000000000e+00,0.000000000000000000e+00,1.357999992370605469e+01,1.357999992370605469e+01,0.000000000000000000e+00,5.500000000000000000e+02,5.500000000000000000e+02,5.500000000000000000e+02,5.500000000000000000e+02,1.815193533897399902e+00,1.815193533897399902e+00,0.000000000000000000e+00,0.000000000000000000e+00,0.000000000000000000e+00,1.031543945312500000e+03
0.000000000000000000e+00,0.000000000000000000e+00,0.000000000000000000e+00,0.000000000000000000e+00,0.000000000000000000e+00,1.159636402130126953e+01,1.159636402130126953e+01,0.000000000000000000e+00,5.440000000000000000e+02,5.440000000000000000e+02,5.300000000000000000e+02,5.300000000000000000e+02,1.880626559257507324e+00,1.880626559257507324e+00,0.000000000000000000e+00,0.000000000000000000e+00,0.000000000000000000e+00,1.123363037109375000e+03
0.000000000000000000e+00,0.000000000000000000e+00,0.000000000000000000e+00,0.000000000000000000e+00,0.000000000000000000e+00,1.082727241516113281e+01,1.082727241516113281e+01,0.000000000000000000e+00,5.450000000000000000e+02,5.450000000000000000e+02,5.330000000000000000e+02,5.330000000000000000e+02,2.136239290237426758e+00,2.136239290237426758e+00,0.000000000000000000e+00,0.000000000000000000e+00,0.000000000000000000e+00,1.219806640625000000e+03
0.000000000000000000e+00,0.000000000000000000e+00,0.000000000000000000e+00,0.000000000000000000e+00,0.000000000000000000e+00,1.097454547882080078e+01,1.097454547882080078e+01,0.000000000000000000e+00,5.450000000000000000e+02,5.450000000000000000e+02,5.260000000000000000e+02,5.260000000000000000e+02,2.068047046661376953e+00,2.068047046661376953e+00,0.000000000000000000e+00,0.000000000000000000e+00,0.000000000000000000e+00,1.312210571289062500e+03
0.000000000000000000e+00,0.000000000000000000e+00,0.000000000000000000e+00,0.000000000000000000e+00,0.000000000000000000e+00,1.197090911865234375e+01,1.197090911865234375e+01,0.000000000000000000e+00,5.360000000000000000e+02,5.360000000000000000e+02,4.930000000000000000e+02,4.930000000000000000e+02,1.839498281478881836e+00,1.839498281478881836e+00,0.000000000000000000e+00,0.000000000000000000e+00,0.000000000000000000e+00,1.406075195312500000e+03
0.000000000000000000e+00,0.000000000000000000e+00,0.000000000000000000e+00,0.000000000000000000e+00,0.000000000000000000e+00,1.162363624572753906e+01,1.162363624572753906e+01,0.000000000000000000e+00,5.250000000000000000e+02,5.250000000000000000e+02,4.940000000000000000e+02,4.940000000000000000e+02,1.691593527793884277e+00,1.691593527793884277e+00,0.000000000000000000e+00,0.000000000000000000e+00,0.000000000000000000e+00,1.498687866210937500e+03
0.000000000000000000e+00,0.000000000000000000e+00,0.000000000000000000e+00,0.000000000000000000e+00,0.000000000000000000e+00,1.066727256774902344e+01,1.066727256774902344e+01,0.000000000000000000e+00,4.050000000000000000e+02,4.050000000000000000e+02,3.540000000000000000e+02,3.540000000000000000e+02,1.557749629020690918e+00,1.557749629020690918e+00,0.000000000000000000e+00,0.000000000000000000e+00,0.000000000000000000e+00,1.586844726562500000e+03
0.000000000000000000e+00,0.000000000000000000e+00,0.000000000000000000e+00,0.000000000000000000e+00,0.000000000000000000e+00,1.100545501708984375e+01,1.100545501708984375e+01,0.000000000000000000e+00,3.840000000000000000e+02,3.840000000000000000e+02,2.820000000000000000e+02,2.820000000000000000e+02,1.502484440803527832e+00,1.502484440803527832e+00,0.000000000000000000e+00,0.000000000000000000e+00,0.000000000000000000e+00,1.679020751953125000e+03
0.000000000000000000e+00,0.000000000000000000e+00,0.000000000000000000e+00,0.000000000000000000e+00,0.000000000000000000e+00,1.262545490264892578e+01,1.262545490264892578e+01,0.000000000000000000e+00,4.920000000000000000e+02,4.920000000000000000e+02,4.200000000000000000e+02,4.200000000000000000e+02,1.474999189376831055e+00,1.474999189376831055e+00,0.000000000000000000e+00,0.000000000000000000e+00,0.000000000000000000e+00,1.775261962890625000e+03
0.000000000000000000e+00,0.000000000000000000e+00,0.000000000000000000e+00,0.000000000000000000e+00,0.000000000000000000e+00,1.191636371612548828e+01,1.191636371612548828e+01,0.000000000000000000e+00,4.670000000000000000e+02,4.670000000000000000e+02,3.710000000000000000e+02,3.710000000000000000e+02,1.577349424362182617e+00,1.577349424362182617e+00,0.000000000000000000e+00,0.000000000000000000e+00,0.000000000000000000e+00,1.871304199218750000e+03
0.000000000000000000e+00,0.000000000000000000e+00,0.000000000000000000e+00,0.000000000000000000e+00,0.000000000000000000e+00,1.127999973297119141e+01,1.127999973297119141e+01,0.000000000000000000e+00,4.320000000000000000e+02,4.320000000000000000e+02,3.400000000000000000e+02,3.400000000000000000e+02,1.622175455093383789e+00,1.622175455093383789e+00,0.000000000000000000e+00,0.000000000000000000e+00,0.000000000000000000e+00,1.966714355468750000e+03
0.000000000000000000e+00,0.000000000000000000e+00,0.000000000000000000e+00,0.000000000000000000e+00,0.000000000000000000e+00,1.098181819915771484e+01,1.098181819915771484e+01,0.000000000000000000e+00,4.040000000000000000e+02,4.040000000000000000e+02,2.920000000000000000e+02,2.920000000000000000e+02,1.561586976051330566e+00,1.561586976051330566e+00,0.000000000000000000e+00,0.000000000000000000e+00,0.000000000000000000e+00,2.059712158203125000e+03
0.000000000000000000e+00,0.000000000000000000e+00,0.000000000000000000e+00,0.000000000000000000e+00,0.000000000000000000e+00,1.130909061431884766e+01,1.130909061431884766e+01,0.000000000000000000e+00,4.110000000000000000e+02,4.110000000000000000e+02,2.630000000000000000e+02,2.630000000000000000e+02,1.475748896598815918e+00,1.475748896598815918e+00,0.000000000000000000e+00,0.000000000000000000e+00,0.000000000000000000e+00,2.154829101562500000e+03
0.000000000000000000e+00,0.000000000000000000e+00,0.000000000000000000e+00,0.000000000000000000e+00,0.000000000000000000e+00,1.118909072875976562e+01,1.118909072875976562e+01,0.000000000000000000e+00,5.420000000000000000e+02,5.420000000000000000e+02,4.970000000000000000e+02,4.970000000000000000e+02,1.763553857803344727e+00,1.763553857803344727e+00,0.000000000000000000e+00,0.000000000000000000e+00,0.000000000000000000e+00,2.250144287109375000e+03
0.000000000000000000e+00,0.000000000000000000e+00,0.000000000000000000e+00,0.000000000000000000e+00,0.000000000000000000e+00,1.096909046173095703e+01,1.096909046173095703e+01,0.000000000000000000e+00,5.460000000000000000e+02,5.460000000000000000e+02,5.240000000000000000e+02,5.240000000000000000e+02,1.866279840469360352e+00,1.866279840469360352e+00,0.000000000000000000e+00,0.000000000000000000e+00,0.000000000000000000e+00,2.348635986328125000e+03
0.000000000000000000e+00,0.000000000000000000e+00,0.000000000000000000e+00,0.000000000000000000e+00,0.000000000000000000e+00,1.074181842803955078e+01,1.074181842803955078e+01,0.000000000000000000e+00,4.750000000000000000e+02,4.750000000000000000e+02,3.600000000000000000e+02,3.600000000000000000e+02,1.739602804183959961e+00,1.739602804183959961e+00,0.000000000000000000e+00,0.000000000000000000e+00,0.000000000000000000e+00,2.444393554687500000e+03
0.000000000000000000e+00,0.000000000000000000e+00,0.000000000000000000e+00,0.000000000000000000e+00,0.000000000000000000e+00,1.067636394500732422e+01,1.067636394500732422e+01,0.000000000000000000e+00,4.700000000000000000e+02,4.700000000000000000e+02,3.270000000000000000e+02,3.270000000000000000e+02,1.689671993255615234e+00,1.689671993255615234e+00,0.000000000000000000e+00,0.000000000000000000e+00,0.000000000000000000e+00,2.537282958984375000e+03
0.000000000000000000e+00,0.000000000000000000e+00,0.000000000000000000e+00,0.000000000000000000e+00,0.000000000000000000e+00,1.086727237701416016e+01,1.086727237701416016e+01,0.000000000000000000e+00,4.930000000000000000e+02,4.930000000000000000e+02,3.830000000000000000e+02,3.830000000000000000e+02,1.817550539970397949e+00,1.817550539970397949e+00,0.000000000000000000e+00,0.000000000000000000e+00,0.000000000000000000e+00,2.633014892578125000e+03
0.000000000000000000e+00,0.000000000000000000e+00,0.000000000000000000e+00,0.000000000000000000e+00,0.000000000000000000e+00,1.152181816101074219e+01,1.152181816101074219e+01,0.000000000000000000e+00,5.480000000000000000e+02,5.480000000000000000e+02,5.150000000000000000e+02,5.150000000000000000e+02,1.939179301261901855e+00,1.939179301261901855e+00,0.000000000000000000e+00,0.000000000000000000e+00,0.000000000000000000e+00,2.730543945312500000e+03
0.000000000000000000e+00,0.000000000000000000e+00,0.000000000000000000e+00,0.000000000000000000e+00,0.000000000000000000e+00,1.141272735595703125e+01,1.141272735595703125e+01,0.000000000000000000e+00,5.440000000000000000e+02,5.440000000000000000e+02,4.910000000000000000e+02,4.910000000000000000e+02,1.928950905799865723e+00,1.928950905799865723e+00,0.000000000000000000e+00,0.000000000000000000e+00,0.000000000000000000e+00,2.829109863281250000e+03
0.000000000000000000e+00,0.000000000000000000e+00,0.000000000000000000e+00,0.000000000000000000e+00,0.000000000000000000e+00,1.107454586029052734e+01,1.107454586029052734e+01,0.000000000000000000e+00,4.720000000000000000e+02,4.720000000000000000e+02,3.560000000000000000e+02,3.560000000000000000e+02,1.738427758216857910e+00,1.738427758216857910e+00,0.000000000000000000e+00,0.000000000000000000e+00,0.000000000000000000e+00,2.923167236328125000e+03
0.000000000000000000e+00,0.000000000000000000e+00,0.000000000000000000e+00,0.000000000000000000e+00,0.000000000000000000e+00,1.108545494079589844e+01,1.108545494079589844e+01,0.000000000000000000e+00,4.340000000000000000e+02,4.340000000000000000e+02,2.910000000000000000e+02,2.910000000000000000e+02,1.617418885231018066e+00,1.617418885231018066e+00,0.000000000000000000e+00,0.000000000000000000e+00,0.000000000000000000e+00,3.020446289062500000e+03
0.000000000000000000e+00,0.000000000000000000e+00,0.000000000000000000e+00,0.000000000000000000e+00,0.000000000000000000e+00,1.089999961853027344e+01,1.089999961853027344e+01,0.000000000000000000e+00,5.370000000000000000e+02,5.370000000000000000e+02,4.420000000000000000e+02,4.420000000000000000e+02,1.878831505775451660e+00,1.878831505775451660e+00,0.000000000000000000e+00,0.000000000000000000e+00,0.000000000000000000e+00,3.121029296875000000e+03
0.000000000000000000e+00,0.000000000000000000e+00,0.000000000000000000e+00,0.000000000000000000e+00,0.000000000000000000e+00,1.127090930938720703e+01,1.127090930938720703e+01,0.000000000000000000e+00,5.500000000000000000e+02,5.500000000000000000e+02,5.440000000000000000e+02,5.440000000000000000e+02,1.884154558181762695e+00,1.884154558181762695e+00,0.000000000000000000e+00,0.000000000000000000e+00,0.000000000000000000e+00,3.220942138671875000e+03
0.000000000000000000e+00,0.000000000000000000e+00,0.000000000000000000e+00,0.000000000000000000e+00,0.000000000000000000e+00,1.097454547882080078e+01,1.097454547882080078e+01,0.000000000000000000e+00,5.330000000000000000e+02,5.330000000000000000e+02,5.150000000000000000e+02,5.150000000000000000e+02,1.749891519546508789e+00,1.749891519546508789e+00,0.000000000000000000e+00,0.000000000000000000e+00,0.000000000000000000e+00,3.317446289062500000e+03
0.000000000000000000e+00,0.000000000000000000e+00,0.000000000000000000e+00,0.000000000000000000e+00,0.000000000000000000e+00,1.075454521179199219e+01,1.075454521179199219e+01,0.000000000000000000e+00,5.170000000000000000e+02,5.170000000000000000e+02,4.640000000000000000e+02,4.640000000000000000e+02,1.646234750747680664e+00,1.646234750747680664e+00,0.000000000000000000e+00,0.000000000000000000e+00,0.000000000000000000e+00,3.408849365234375000e+03
0.000000000000000000e+00,0.000000000000000000e+00,0.000000000000000000e+00,0.000000000000000000e+00,0.000000000000000000e+00,1.050181865692138672e+01,1.050181865692138672e+01,0.000000000000000000e+00,5.470000000000000000e+02,5.470000000000000000e+02,4.940000000000000000e+02,4.940000000000000000e+02,1.818380355834960938e+00,1.818380355834960938e+00,0.000000000000000000e+00,0.000000000000000000e+00,0.000000000000000000e+00,3.505495117187500000e+03
0.000000000000000000e+00,0.000000000000000000e+00,0.000000000000000000e+00,0.000000000000000000e+00,0.000000000000000000e+00,1.065999984741210938e+01,1.065999984741210938e+01,0.000000000000000000e+00,5.460000000000000000e+02,5.460000000000000000e+02,4.790000000000000000e+02,4.790000000000000000e+02,1.752292156219482422e+00,1.752292156219482422e+00,0.000000000000000000e+00,0.000000000000000000e+00,0.000000000000000000e+00,3.602339599609375000e+03
0.000000000000000000e+00,0.000000000000000000e+00,0.000000000000000000e+00,0.000000000000000000e+00,0.000000000000000000e+00,1.111272716522216797e+01,1.111272716522216797e+01,0.000000000000000000e+00,5.150000000000000000e+02,5.150000000000000000e+02,3.970000000000000000e+02,3.970000000000000000e+02,1.660955309867858887e+00,1.660955309867858887e+00,0.000000000000000000e+00,0.000000000000000000e+00,0.000000000000000000e+00,3.698611572265625000e+03
0.000000000000000000e+00,0.000000000000000000e+00,0.000000000000000000e+00,0.000000000000000000e+00,0.000000000000000000e+00,1.192545413970947266e+01,1.192545413970947266e+01,0.000000000000000000e+00,4.890000000000000000e+02,4.890000000000000000e+02,3.430000000000000000e+02,3.430000000000000000e+02,1.566471576690673828e+00,1.566471576690673828e+00,0.000000000000000000e+00,0.000000000000000000e+00,0.000000000000000000e+00,3.833271240234375000e+03
0.000000000000000000e+00,0.000000000000000000e+00,0.000000000000000000e+00,0.000000000000000000e+00,0.000000000000000000e+00,1.214363670349121094e+01,1.214363670349121094e+01,0.000000000000000000e+00,5.200000000000000000e+02,5.200000000000000000e+02,4.160000000000000000e+02,4.160000000000000000e+02,1.683467626571655273e+00,1.683467626571655273e+00,3.636363660916686058e-03,3.636363660916686058e-03,0.000000000000000000e+00,3.932962402343750000e+03
0.000000000000000000e+00,0.000000000000000000e+00,0.000000000000000000e+00,0.000000000000000000e+00,0.000000000000000000e+00,1.098363590240478516e+01,1.098363590240478516e+01,0.000000000000000000e+00,5.150000000000000000e+02,5.150000000000000000e+02,4.260000000000000000e+02,4.260000000000000000e+02,1.893064498901367188e+00,1.893064498901367188e+00,0.000000000000000000e+00,0.000000000000000000e+00,0.000000000000000000e+00,4.027892578125000000e+03
0.000000000000000000e+00,0.000000000000000000e+00,0.000000000000000000e+00,0.000000000000000000e+00,0.000000000000000000e+00,1.105454540252685547e+01,1.105454540252685547e+01,0.000000000000000000e+00,5.010000000000000000e+02,5.010000000000000000e+02,4.120000000000000000e+02,4.120000000000000000e+02,1.854058027267456055e+00,1.854058027267456055e+00,0.000000000000000000e+00,0.000000000000000000e+00,0.000000000000000000e+00,4.128516601562500000e+03
0.000000000000000000e+00,0.000000000000000000e+00,0.000000000000000000e+00,0.000000000000000000e+00,0.000000000000000000e+00,1.152000045776367188e+01,1.152000045776367188e+01,0.000000000000000000e+00,4.520000000000000000e+02,4.520000000000000000e+02,3.410000000000000000e+02,3.410000000000000000e+02,1.691192507743835449e+00,1.691192507743835449e+00,0.000000000000000000e+00,0.000000000000000000e+00,0.000000000000000000e+00,4.228605957031250000e+03
0.000000000000000000e+00,0.000000000000000000e+00,0.000000000000000000e+00,0.000000000000000000e+00,0.000000000000000000e+00,1.138363647460937500e+01,1.138363647460937500e+01,0.000000000000000000e+00,4.070000000000000000e+02,4.070000000000000000e+02,3.240000000000000000e+02,3.240000000000000000e+02,1.600628733634948730e+00,1.600628733634948730e+00,0.000000000000000000e+00,0.000000000000000000e+00,0.000000000000000000e+00,4.328014648437500000e+03
0.000000000000000000e+00,0.000000000000000000e+00,0.000000000000000000e+00,0.000000000000000000e+00,0.000000000000000000e+00,1.163636398315429688e+01,1.163636398315429688e+01,0.000000000000000000e+00,3.890000000000000000e+02,3.890000000000000000e+02,2.630000000000000000e+02,2.630000000000000000e+02,1.540444850921630859e+00,1.540444850921630859e+00,0.000000000000000000e+00,0.000000000000000000e+00,0.000000000000000000e+00,4.424998046875000000e+03
0.000000000000000000e+00,0.000000000000000000e+00,0.000000000000000000e+00,0.000000000000000000e+00,0.000000000000000000e+00,1.122181797027587891e+01,1.122181797027587891e+01,0.000000000000000000e+00,4.070000000000000000e+02,4.070000000000000000e+02,2.640000000000000000e+02,2.640000000000000000e+02,1.623219370841979980e+00,1.623219370841979980e+00,0.000000000000000000e+00,0.000000000000000000e+00,0.000000000000000000e+00,4.524432128906250000e+03
0.000000000000000000e+00,0.000000000000000000e+00,0.000000000000000000e+00,0.000000000000000000e+00,0.000000000000000000e+00,1.206909084320068359e+01,1.206909084320068359e+01,0.000000000000000000e+00,4.560000000000000000e+02,4.560000000000000000e+02,3.570000000000000000e+02,3.570000000000000000e+02,1.638418674468994141e+00,1.638418674468994141e+00,0.000000000000000000e+00,0.000000000000000000e+00,0.000000000000000000e+00,4.623604003906250000e+03
0.000000000000000000e+00,0.000000000000000000e+00,0.000000000000000000e+00,0.000000000000000000e+00,0.000000000000000000e+00,1.275272750854492188e+01,1.275272750854492188e+01,0.000000000000000000e+00,5.010000000000000000e+02,5.010000000000000000e+02,3.890000000000000000e+02,3.890000000000000000e+02,1.530999660491943359e+00,1.530999660491943359e+00,0.000000000000000000e+00,0.000000000000000000e+00,0.000000000000000000e+00,4.720621582031250000e+03
0.000000000000000000e+00,0.000000000000000000e+00,0.000000000000000000e+00,0.000000000000000000e+00,0.000000000000000000e+00,1.214545440673828125e+01,1.214545440673828125e+01,0.000000000000000000e+00,4.210000000000000000e+02,4.210000000000000000e+02,3.180000000000000000e+02,3.180000000000000000e+02,1.203393697738647461e+00,1.203393697738647461e+00,0.000000000000000000e+00,0.000000000000000000e+00,0.000000000000000000e+00,4.809232910156250000e+03
0.000000000000000000e+00,0.000000000000000000e+00,0.000000000000000000e+00,0.000000000000000000e+00,0.000000000000000000e+00,1.129272747039794922e+01,1.129272747039794922e+01,0.000000000000000000e+00,4.850000000000000000e+02,4.850000000000000000e+02,2.920000000000000000e+02,2.920000000000000000e+02,1.577286839485168457e+00,1.577286839485168457e+00,0.000000000000000000e+00,0.000000000000000000e+00,0.000000000000000000e+00,4.904886230468750000e+03
0.000000000000000000e+00,0.000000000000000000e+00,0.000000000000000000e+00,0.000000000000000000e+00,0.000000000000000000e+00,1.125636386871337891e+01,1.125636386871337891e+01,0.000000000000000000e+00,5.230000000000000000e+02,5.230000000000000000e+02,3.740000000000000000e+02,3.740000000000000000e+02,1.801813840866088867e+00,1.801813840866088867e+00,0.000000000000000000e+00,0.000000000000000000e+00,0.000000000000000000e+00,5.000475097656250000e+03
0.000000000000000000e+00,0.000000000000000000e+00,0.000000000000000000e+00,0.000000000000000000e+00,0.000000000000000000e+00,1.091636371612548828e+01,1.091636371612548828e+01,0.000000000000000000e+00,5.390000000000000000e+02,5.390000000000000000e+02,4.370000000000000000e+02,4.370000000000000000e+02,2.013085842132568359e+00,2.013085842132568359e+00,0.000000000000000000e+00,0.000000000000000000e+00,0.000000000000000000e+00,5.104216308593750000e+03
0.000000000000000000e+00,0.000000000000000000e+00,0.000000000000000000e+00,0.000000000000000000e+00,0.000000000000000000e+00,1.081636333465576172e+01,1.081636333465576172e+01,0.000000000000000000e+00,4.890000000000000000e+02,4.890000000000000000e+02,3.900000000000000000e+02,3.900000000000000000e+02,1.882446646690368652e+00,1.882446646690368652e+00,0.000000000000000000e+00,0.000000000000000000e+00,0.000000000000000000e+00,5.200661132812500000e+03
0.000000000000000000e+00,0.000000000000000000e+00,0.000000000000000000e+00,0.000000000000000000e+00,0.000000000000000000e+00,1.126000022888183594e+01,1.126000022888183594e+01,0.000000000000000000e+00,4.720000000000000000e+02,4.720000000000000000e+02,3.920000000000000000e+02,3.920000000000000000e+02,1.776787281036376953e+00,1.776787281036376953e+00,0.000000000000000000e+00,0.000000000000000000e+00,0.000000000000000000e+00,5.304529296875000000e+03
0.000000000000000000e+00,0.000000000000000000e+00,0.000000000000000000e+00,0.000000000000000000e+00,0.000000000000000000e+00,1.186727237701416016e+01,1.186727237701416016e+01,0.000000000000000000e+00,5.320000000000000000e+02,5.320000000000000000e+02,4.730000000000000000e+02,4.730000000000000000e+02,1.884327411651611328e+00,1.884327411651611328e+00,0.000000000000000000e+00,0.000000000000000000e+00,0.000000000000000000e+00,5.403489257812500000e+03
0.000000000000000000e+00,0.000000000000000000e+00,0.000000000000000000e+00,0.000000000000000000e+00,0.000000000000000000e+00,1.118000030517578125e+01,1.118000030517578125e+01,0.000000000000000000e+00,5.480000000000000000e+02,5.480000000000000000e+02,5.080000000000000000e+02,5.080000000000000000e+02,1.879815578460693359e+00,1.879815578460693359e+00,0.000000000000000000e+00,0.000000000000000000e+00,0.000000000000000000e+00,5.502875488281250000e+03
0.000000000000000000e+00,0.000000000000000000e+00,0.000000000000000000e+00,0.000000000000000000e+00,0.000000000000000000e+00,1.160000038146972656e+01,1.160000038146972656e+01,0.000000000000000000e+00,5.450000000000000000e+02,5.450000000000000000e+02,4.830000000000000000e+02,4.830000000000000000e+02,1.705506205558776855e+00,1.705506205558776855e+00,0.000000000000000000e+00,0.000000000000000000e+00,0.000000000000000000e+00,5.605216308593750000e+03
0.000000000000000000e+00,0.000000000000000000e+00,0.000000000000000000e+00,0.000000000000000000e+00,0.000000000000000000e+00,1.112363624572753906e+01,1.112363624572753906e+01,0.000000000000000000e+00,5.370000000000000000e+02,5.370000000000000000e+02,4.100000000000000000e+02,4.100000000000000000e+02,1.810846328735351562e+00,1.810846328735351562e+00,0.000000000000000000e+00,0.000000000000000000e+00,0.000000000000000000e+00,5.706431640625000000e+03
0.000000000000000000e+00,0.000000000000000000e+00,0.000000000000000000e+00,0.000000000000000000e+00,0.000000000000000000e+00,1.088000011444091797e+01,1.088000011444091797e+01,0.000000000000000000e+00,5.200000000000000000e+02,5.200000000000000000e+02,3.870000000000000000e+02,3.870000000000000000e+02,1.804393887519836426e+00,1.804393887519836426e+00,0.000000000000000000e+00,0.000000000000000000e+00,0.000000000000000000e+00,5.808440917968750000e+03
0.000000000000000000e+00,0.000000000000000000e+00,0.000000000000000000e+00,0.000000000000000000e+00,0.000000000000000000e+00,1.097090911865234375e+01,1.097090911865234375e+01,0.000000000000000000e+00,5.150000000000000000e+02,5.150000000000000000e+02,3.680000000000000000e+02,3.680000000000000000e+02,1.771752595901489258e+00,1.771752595901489258e+00,0.000000000000000000e+00,0.000000000000000000e+00,0.000000000000000000e+00,5.905485351562500000e+03
0.000000000000000000e+00,0.000000000000000000e+00,0.000000000000000000e+00,0.000000000000000000e+00,0.000000000000000000e+00,1.166545486450195312e+01,1.166545486450195312e+01,0.000000000000000000e+00,5.280000000000000000e+02,5.280000000000000000e+02,4.900000000000000000e+02,4.900000000000000000e+02,2.027938604354858398e+00,2.027938604354858398e+00,0.000000000000000000e+00,0.000000000000000000e+00,0.000000000000000000e+00,6.007659667968750000e+03
0.000000000000000000e+00,0.000000000000000000e+00,0.000000000000000000e+00,0.000000000000000000e+00,0.000000000000000000e+00,1.098363590240478516e+01,1.098363590240478516e+01,0.000000000000000000e+00,5.400000000000000000e+02,5.400000000000000000e+02,4.990000000000000000e+02,4.990000000000000000e+02,2.136233568191528320e+00,2.136233568191528320e+00,0.000000000000000000e+00,0.000000000000000000e+00,0.000000000000000000e+00,6.115222167968750000e+03
0.000000000000000000e+00,0.000000000000000000e+00,0.000000000000000000e+00,0.000000000000000000e+00,0.000000000000000000e+00,1.089999961853027344e+01,1.089999961853027344e+01,0.000000000000000000e+00,4.940000000000000000e+02,4.940000000000000000e+02,3.570000000000000000e+02,3.570000000000000000e+02,1.907334804534912109e+00,1.907334804534912109e+00,0.000000000000000000e+00,0.000000000000000000e+00,0.000000000000000000e+00,6.213069824218750000e+03
0.000000000000000000e+00,0.000000000000000000e+00,0.000000000000000000e+00,0.000000000000000000e+00,0.000000000000000000e+00,1.103454589843750000e+01,1.103454589843750000e+01,0.000000000000000000e+00,4.920000000000000000e+02,4.920000000000000000e+02,3.330000000000000000e+02,3.330000000000000000e+02,1.753944754600524902e+00,1.753944754600524902e+00,0.000000000000000000e+00,0.000000000000000000e+00,0.000000000000000000e+00,6.314979980468750000e+03
0.000000000000000000e+00,0.000000000000000000e+00,0.000000000000000000e+00,0.000000000000000000e+00,0.000000000000000000e+00,1.131090927124023438e+01,1.131090927124023438e+01,0.000000000000000000e+00,4.960000000000000000e+02,4.960000000000000000e+02,3.670000000000000000e+02,3.670000000000000000e+02,1.739256739616394043e+00,1.739256739616394043e+00,0.000000000000000000e+00,0.000000000000000000e+00,0.000000000000000000e+00,6.412594726562500000e+03
0.000000000000000000e+00,0.000000000000000000e+00,0.000000000000000000e+00,0.000000000000000000e+00,0.000000000000000000e+00,1.106000041961669922e+01,1.106000041961669922e+01,0.000000000000000000e+00,5.020000000000000000e+02,5.020000000000000000e+02,3.410000000000000000e+02,3.410000000000000000e+02,1.738895535469055176e+00,1.738895535469055176e+00,0.000000000000000000e+00,0.000000000000000000e+00,0.000000000000000000e+00,6.510461914062500000e+03
0.000000000000000000e+00,0.000000000000000000e+00,0.000000000000000000e+00,0.000000000000000000e+00,0.000000000000000000e+00,1.059272766113281250e+01,1.059272766113281250e+01,0.000000000000000000e+00,4.580000000000000000e+02,4.580000000000000000e+02,2.910000000000000000e+02,2.910000000000000000e+02,1.676048040390014648e+00,1.676048040390014648e+00,0.000000000000000000e+00,0.000000000000000000e+00,0.000000000000000000e+00,6.609644042968750000e+03
0.000000000000000000e+00,0.000000000000000000e+00,0.000000000000000000e+00,0.000000000000000000e+00,0.000000000000000000e+00,1.068181800842285156e+01,1.068181800842285156e+01,0.000000000000000000e+00,4.170000000000000000e+02,4.170000000000000000e+02,2.440000000000000000e+02,2.440000000000000000e+02,1.553958892822265625e+00,1.553958892822265625e+00,0.000000000000000000e+00,0.000000000000000000e+00,0.000000000000000000e+00,6.700941406250000000e+03
0.000000000000000000e+00,0.000000000000000000e+00,0.000000000000000000e+00,0.000000000000000000e+00,0.000000000000000000e+00,1.094909095764160156e+01,1.094909095764160156e+01,0.000000000000000000e+00,3.500000000000000000e+02,3.500000000000000000e+02,1.690000000000000000e+02,1.690000000000000000e+02,1.442265391349792480e+00,1.442265391349792480e+00,0.000000000000000000e+00,0.000000000000000000e+00,0.000000000000000000e+00,6.799182128906250000e+03
0.000000000000000000e+00,0.000000000000000000e+00,0.000000000000000000e+00,0.000000000000000000e+00,0.000000000000000000e+00,1.176181793212890625e+01,1.176181793212890625e+01,0.000000000000000000e+00,3.470000000000000000e+02,3.470000000000000000e+02,1.670000000000000000e+02,1.670000000000000000e+02,1.366935610771179199e+00,1.366935610771179199e+00,0.000000000000000000e+00,0.000000000000000000e+00,0.000000000000000000e+00,6.898089355468750000e+03
0.000000000000000000e+00,0.000000000000000000e+00,0.000000000000000000e+00,0.000000000000000000e+00,0.000000000000000000e+00,1.257454586029052734e+01,1.257454586029052734e+01,0.000000000000000000e+00,4.480000000000000000e+02,4.480000000000000000e+02,2.850000000000000000e+02,2.850000000000000000e+02,1.450774312019348145e+00,1.450774312019348145e+00,0.000000000000000000e+00,0.000000000000000000e+00,0.000000000000000000e+00,6.994722167968750000e+03
0.000000000000000000e+00,0.000000000000000000e+00,0.000000000000000000e+00,0.000000000000000000e+00,0.000000000000000000e+00,1.235272693634033203e+01,1.235272693634033203e+01,0.000000000000000000e+00,5.400000000000000000e+02,5.400000000000000000e+02,4.800000000000000000e+02,4.800000000000000000e+02,1.702251076698303223e+00,1.702251076698303223e+00,0.000000000000000000e+00,0.000000000000000000e+00,0.000000000000000000e+00,7.090986816406250000e+03
0.000000000000000000e+00,0.000000000000000000e+00,0.000000000000000000e+00,0.000000000000000000e+00,0.000000000000000000e+00,1.162909126281738281e+01,1.162909126281738281e+01,0.000000000000000000e+00,5.500000000000000000e+02,5.500000000000000000e+02,5.400000000000000000e+02,5.400000000000000000e+02,1.989402890205383301e+00,1.989402890205383301e+00,0.000000000000000000e+00,0.000000000000000000e+00,0.000000000000000000e+00,7.195941406250000000e+03
0.000000000000000000e+00,0.000000000000000000e+00,0.000000000000000000e+00,0.000000000000000000e+00,0.000000000000000000e+00,1.156363677978515625e+01,1.156363677978515625e+01,0.000000000000000000e+00,5.290000000000000000e+02,5.290000000000000000e+02,4.300000000000000000e+02,4.300000000000000000e+02,1.762463092803955078e+00,1.762463092803955078e+00,0.000000000000000000e+00,0.000000000000000000e+00,0.000000000000000000e+00,7.294031250000000000e+03
0.000000000000000000e+00,0.000000000000000000e+00,0.000000000000000000e+00,0.000000000000000000e+00,0.000000000000000000e+00,1.223999977111816406e+01,1.223999977111816406e+01,0.000000000000000000e+00,5.220000000000000000e+02,5.220000000000000000e+02,3.760000000000000000e+02,3.760000000000000000e+02,1.562814712524414062e+00,1.562814712524414062e+00,0.000000000000000000e+00,0.000000000000000000e+00,0.000000000000000000e+00,7.390493164062500000e+03
0.000000000000000000e+00,0.000000000000000000e+00,0.000000000000000000e+00,0.000000000000000000e+00,0.000000000000000000e+00,1.205454540252685547e+01,1.205454540252685547e+01,0.000000000000000000e+00,5.280000000000000000e+02,5.280000000000000000e+02,3.820000000000000000e+02,3.820000000000000000e+02,1.656992077827453613e+00,1.656992077827453613e+00,0.000000000000000000e+00,0.000000000000000000e+00,0.000000000000000000e+00,7.493276855468750000e+03
0.000000000000000000e+00,0.000000000000000000e+00,0.000000000000000000e+00,0.000000000000000000e+00,0.000000000000000000e+00,1.182727241516113281e+01,1.182727241516113281e+01,0.000000000000000000e+00,5.200000000000000000e+02,5.200000000000000000e+02,3.220000000000000000e+02,3.220000000000000000e+02,1.681421399116516113e+00,1.681421399116516113e+00,0.000000000000000000e+00,0.000000000000000000e+00,0.000000000000000000e+00,7.592217285156250000e+03
0.000000000000000000e+00,0.000000000000000000e+00,0.000000000000000000e+00,0.000000000000000000e+00,0.000000000000000000e+00,1.146727275848388672e+01,1.146727275848388672e+01,0.000000000000000000e+00,5.190000000000000000e+02,5.190000000000000000e+02,3.500000000000000000e+02,3.500000000000000000e+02,1.806813716888427734e+00,1.806813716888427734e+00,0.000000000000000000e+00,0.000000000000000000e+00,0.000000000000000000e+00,7.693832519531250000e+03
0.000000000000000000e+00,0.000000000000000000e+00,0.000000000000000000e+00,0.000000000000000000e+00,0.000000000000000000e+00,1.136727237701416016e+01,1.136727237701416016e+01,0.000000000000000000e+00,5.270000000000000000e+02,5.270000000000000000e+02,3.650000000000000000e+02,3.650000000000000000e+02,1.845204234123229980e+00,1.845204234123229980e+00,0.000000000000000000e+00,0.000000000000000000e+00,0.000000000000000000e+00,7.795239746093750000e+03
0.000000000000000000e+00,0.000000000000000000e+00,0.000000000000000000e+00,0.000000000000000000e+00,0.000000000000000000e+00,1.136363601684570312e+01,1.136363601684570312e+01,0.000000000000000000e+00,5.360000000000000000e+02,5.360000000000000000e+02,4.430000000000000000e+02,4.430000000000000000e+02,1.967690467834472656e+00,1.967690467834472656e+00,0.000000000000000000e+00,0.000000000000000000e+00,0.000000000000000000e+00,7.904336425781250000e+03
0.000000000000000000e+00,0.000000000000000000e+00,0.000000000000000000e+00,0.000000000000000000e+00,0.000000000000000000e+00,1.093999958038330078e+01,1.093999958038330078e+01,0.000000000000000000e+00,5.180000000000000000e+02,5.180000000000000000e+02,4.850000000000000000e+02,4.850000000000000000e+02,1.952977538108825684e+00,1.952977538108825684e+00,0.000000000000000000e+00,0.000000000000000000e+00,0.000000000000000000e+00,8.009677246093750000e+03
0.000000000000000000e+00,0.000000000000000000e+00,0.000000000000000000e+00,0.000000000000000000e+00,0.000000000000000000e+00,1.078545475006103516e+01,1.078545475006103516e+01,0.000000000000000000e+00,4.850000000000000000e+02,4.850000000000000000e+02,4.260000000000000000e+02,4.260000000000000000e+02,1.866380572319030762e+00,1.866380572319030762e+00,0.000000000000000000e+00,0.000000000000000000e+00,0.000000000000000000e+00,8.112289062500000000e+03
0.000000000000000000e+00,0.000000000000000000e+00,0.000000000000000000e+00,0.000000000000000000e+00,0.000000000000000000e+00,1.054727268218994141e+01,1.054727268218994141e+01,0.000000000000000000e+00,4.280000000000000000e+02,4.280000000000000000e+02,3.490000000000000000e+02,3.490000000000000000e+02,1.593318939208984375e+00,1.593318939208984375e+00,0.000000000000000000e+00,0.000000000000000000e+00,0.000000000000000000e+00,8.218905273437500000e+03
0.000000000000000000e+00,0.000000000000000000e+00,0.000000000000000000e+00,0.000000000000000000e+00,0.000000000000000000e+00,1.040363597869873047e+01,1.040363597869873047e+01,0.000000000000000000e+00,3.470000000000000000e+02,3.470000000000000000e+02,2.500000000000000000e+02,2.500000000000000000e+02,1.419494867324829102e+00,1.419494867324829102e+00,0.000000000000000000e+00,0.000000000000000000e+00,0.000000000000000000e+00,8.317519531250000000e+03
0.000000000000000000e+00,0.000000000000000000e+00,0.000000000000000000e+00,0.000000000000000000e+00,0.000000000000000000e+00,1.045818138122558594e+01,1.045818138122558594e+01,0.000000000000000000e+00,3.260000000000000000e+02,3.260000000000000000e+02,2.040000000000000000e+02,2.040000000000000000e+02,1.366387128829956055e+00,1.366387128829956055e+00,0.000000000000000000e+00,0.000000000000000000e+00,0.000000000000000000e+00,8.415229492187500000e+03
0.000000000000000000e+00,0.000000000000000000e+00,0.000000000000000000e+00,0.000000000000000000e+00,0.000000000000000000e+00,1.031090927124023438e+01,1.031090927124023438e+01,0.000000000000000000e+00,2.660000000000000000e+02,2.660000000000000000e+02,1.630000000000000000e+02,1.630000000000000000e+02,1.301257848739624023e+00,1.301257848739624023e+00,0.000000000000000000e+00,0.000000000000000000e+00,0.000000000000000000e+00,8.511881835937500000e+03
0.000000000000000000e+00,0.000000000000000000e+00,0.000000000000000000e+00,0.000000000000000000e+00,0.000000000000000000e+00,1.038545417785644531e+01,1.038545417785644531e+01,0.000000000000000000e+00,2.720000000000000000e+02,2.720000000000000000e+02,1.760000000000000000e+02,1.760000000000000000e+02,1.367462277412414551e+00,1.367462277412414551e+00,0.000000000000000000e+00,0.000000000000000000e+00,0.000000000000000000e+00,8.616207031250000000e+03
0.000000000000000000e+00,0.000000000000000000e+00,0.000000000000000000e+00,0.000000000000000000e+00,0.000000000000000000e+00,1.090545463562011719e+01,1.090545463562011719e+01,0.000000000000000000e+00,3.950000000000000000e+02,3.950000000000000000e+02,2.580000000000000000e+02,2.580000000000000000e+02,1.457031130790710449e+00,1.457031130790710449e+00,0.000000000000000000e+00,0.000000000000000000e+00,0.000000000000000000e+00,8.713916015625000000e+03
0.000000000000000000e+00,0.000000000000000000e+00,0.000000000000000000e+00,0.000000000000000000e+00,0.000000000000000000e+00,1.092000007629394531e+01,1.092000007629394531e+01,0.000000000000000000e+00,4.180000000000000000e+02,4.180000000000000000e+02,2.160000000000000000e+02,2.160000000000000000e+02,1.551841735839843750e+00,1.551841735839843750e+00,0.000000000000000000e+00,0.000000000000000000e+00,0.000000000000000000e+00,8.811698242187500000e+03
0.000000000000000000e+00,0.000000000000000000e+00,0.000000000000000000e+00,0.000000000000000000e+00,0.000000000000000000e+00,1.091090869903564453e+01,1.091090869903564453e+01,0.000000000000000000e+00,5.210000000000000000e+02,5.210000000000000000e+02,3.890000000000000000e+02,3.890000000000000000e+02,1.781145453453063965e+00,1.781145453453063965e+00,0.000000000000000000e+00,0.000000000000000000e+00,0.000000000000000000e+00,8.917532226562500000e+03
0.000000000000000000e+00,0.000000000000000000e+00,0.000000000000000000e+00,0.000000000000000000e+00,0.000000000000000000e+00,1.084181785583496094e+01,1.084181785583496094e+01,0.000000000000000000e+00,5.420000000000000000e+02,5.420000000000000000e+02,5.210000000000000000e+02,5.210000000000000000e+02,1.922633051872253418e+00,1.922633051872253418e+00,1.818181830458343029e-03,1.818181830458343029e-03,0.000000000000000000e+00,9.017840820312500000e+03
0.000000000000000000e+00,0.000000000000000000e+00,0.000000000000000000e+00,0.000000000000000000e+00,0.000000000000000000e+00,1.081999969482421875e+01,1.081999969482421875e+01,0.000000000000000000e+00,4.940000000000000000e+02,4.940000000000000000e+02,3.760000000000000000e+02,3.760000000000000000e+02,1.870399594306945801e+00,1.870399594306945801e+00,0.000000000000000000e+00,0.000000000000000000e+00,0.000000000000000000e+00,9.116321289062500000e+03
0.000000000000000000e+00,0.000000000000000000e+00,0.000000000000000000e+00,0.000000000000000000e+00,0.000000000000000000e+00,1.070727252960205078e+01,1.070727252960205078e+01,0.000000000000000000e+00,4.310000000000000000e+02,4.310000000000000000e+02,2.680000000000000000e+02,2.680000000000000000e+02,1.543513774871826172e+00,1.543513774871826172e+00,0.000000000000000000e+00,0.000000000000000000e+00,0.000000000000000000e+00,9.213207031250000000e+03
0.000000000000000000e+00,0.000000000000000000e+00,0.000000000000000000e+00,0.000000000000000000e+00,0.000000000000000000e+00,1.059454536437988281e+01,1.059454536437988281e+01,0.000000000000000000e+00,4.340000000000000000e+02,4.340000000000000000e+02,2.310000000000000000e+02,2.310000000000000000e+02,1.593833804130554199e+00,1.593833804130554199e+00,0.000000000000000000e+00,0.000000000000000000e+00,0.000000000000000000e+00,9.319023437500000000e+03
0.000000000000000000e+00,0.000000000000000000e+00,0.000000000000000000e+00,0.000000000000000000e+00,0.000000000000000000e+00,1.103272724151611328e+01,1.103272724151611328e+01,0.000000000000000000e+00,3.690000000000000000e+02,3.690000000000000000e+02,1.930000000000000000e+02,1.930000000000000000e+02,1.529163241386413574e+00,1.529163241386413574e+00,0.000000000000000000e+00,0.000000000000000000e+00,0.000000000000000000e+00,9.417331054687500000e+03
0.000000000000000000e+00,0.000000000000000000e+00,0.000000000000000000e+00,0.000000000000000000e+00,0.000000000000000000e+00,1.102727317810058594e+01,1.102727317810058594e+01,0.000000000000000000e+00,3.660000000000000000e+02,3.660000000000000000e+02,1.840000000000000000e+02,1.840000000000000000e+02,1.498705983161926270e+00,1.498705983161926270e+00,0.000000000000000000e+00,0.000000000000000000e+00,0.000000000000000000e+00,9.519319335937500000e+03
0.000000000000000000e+00,0.000000000000000000e+00,0.000000000000000000e+00,0.000000000000000000e+00,0.000000000000000000e+00,1.093454551696777344e+01,1.093454551696777344e+01,0.000000000000000000e+00,3.940000000000000000e+02,3.940000000000000000e+02,2.010000000000000000e+02,2.010000000000000000e+02,1.513869524002075195e+00,1.513869524002075195e+00,0.000000000000000000e+00,0.000000000000000000e+00,0.000000000000000000e+00,9.620011718750000000e+03
0.000000000000000000e+00,0.000000000000000000e+00,0.000000000000000000e+00,0.000000000000000000e+00,0.000000000000000000e+00,1.080363655090332031e+01,1.080363655090332031e+01,0.000000000000000000e+00,4.340000000000000000e+02,4.340000000000000000e+02,2.440000000000000000e+02,2.440000000000000000e+02,1.711974740028381348e+00,1.711974740028381348e+00,0.000000000000000000e+00,0.000000000000000000e+00,0.000000000000000000e+00,9.728207031250000000e+03
0.000000000000000000e+00,0.000000000000000000e+00,0.000000000000000000e+00,0.000000000000000000e+00,0.000000000000000000e+00,1.080363655090332031e+01,1.080363655090332031e+01,0.000000000000000000e+00,4.660000000000000000e+02,4.660000000000000000e+02,2.690000000000000000e+02,2.690000000000000000e+02,1.731462597846984863e+00,1.731462597846984863e+00,0.000000000000000000e+00,0.000000000000000000e+00,0.000000000000000000e+00,9.826317382812500000e+03
0.000000000000000000e+00,0.000000000000000000e+00,0.000000000000000000e+00,0.000000000000000000e+00,0.000000000000000000e+00,1.090363597869873047e+01,1.090363597869873047e+01,0.000000000000000000e+00,5.000000000000000000e+02,5.000000000000000000e+02,3.470000000000000000e+02,3.470000000000000000e+02,1.622709512710571289e+00,1.622709512710571289e+00,0.000000000000000000e+00,0.000000000000000000e+00,0.000000000000000000e+00,9.921259765625000000e+03
0.000000000000000000e+00,0.000000000000000000e+00,0.000000000000000000e+00,0.000000000000000000e+00,0.000000000000000000e+00,1.092545413970947266e+01,1.092545413970947266e+01,0.000000000000000000e+00,5.050000000000000000e+02,5.050000000000000000e+02,4.360000000000000000e+02,4.360000000000000000e+02,1.678188800811767578e+00,1.678188800811767578e+00,0.000000000000000000e+00,0.000000000000000000e+00,0.000000000000000000e+00,1.002134082031250000e+04
0.000000000000000000e+00,0.000000000000000000e+00,0.000000000000000000e+00,0.000000000000000000e+00,0.000000000000000000e+00,1.081818199157714844e+01,1.081818199157714844e+01,0.000000000000000000e+00,4.930000000000000000e+02,4.930000000000000000e+02,3.310000000000000000e+02,3.310000000000000000e+02,1.792382121086120605e+00,1.792382121086120605e+00,0.000000000000000000e+00,0.000000000000000000e+00,0.000000000000000000e+00,1.012604785156250000e+04
0.000000000000000000e+00,0.000000000000000000e+00,0.000000000000000000e+00,0.000000000000000000e+00,0.000000000000000000e+00,1.062181854248046875e+01,1.062181854248046875e+01,0.000000000000000000e+00,4.470000000000000000e+02,4.470000000000000000e+02,2.580000000000000000e+02,2.580000000000000000e+02,1.762341380119323730e+00,1.762341380119323730e+00,0.000000000000000000e+00,0.000000000000000000e+00,0.000000000000000000e+00,1.022384765625000000e+04
0.000000000000000000e+00,0.000000000000000000e+00,0.000000000000000000e+00,0.000000000000000000e+00,0.000000000000000000e+00,1.071454524993896484e+01,1.071454524993896484e+01,0.000000000000000000e+00,4.520000000000000000e+02,4.520000000000000000e+02,2.450000000000000000e+02,2.450000000000000000e+02,1.805086731910705566e+00,1.805086731910705566e+00,0.000000000000000000e+00,0.000000000000000000e+00,0.000000000000000000e+00,1.032221777343750000e+04
0.000000000000000000e+00,0.000000000000000000e+00,0.000000000000000000e+00,0.000000000000000000e+00,0.000000000000000000e+00,1.086181831359863281e+01,1.086181831359863281e+01,0.000000000000000000e+00,4.600000000000000000e+02,4.600000000000000000e+02,2.990000000000000000e+02,2.990000000000000000e+02,1.833317399024963379e+00,1.833317399024963379e+00,0.000000000000000000e+00,0.000000000000000000e+00,0.000000000000000000e+00,1.042005664062500000e+04
0.000000000000000000e+00,0.000000000000000000e+00,0.000000000000000000e+00,0.000000000000000000e+00,0.000000000000000000e+00,1.055272769927978516e+01,1.055272769927978516e+01,0.000000000000000000e+00,4.730000000000000000e+02,4.730000000000000000e+02,3.300000000000000000e+02,3.300000000000000000e+02,1.828975915908813477e+00,1.828975915908813477e+00,0.000000000000000000e+00,0.000000000000000000e+00,0.000000000000000000e+00,1.051905859375000000e+04
0.000000000000000000e+00,0.000000000000000000e+00,0.000000000000000000e+00,0.000000000000000000e+00,0.000000000000000000e+00,1.111999988555908203e+01,1.111999988555908203e+01,0.000000000000000000e+00,4.750000000000000000e+02,4.750000000000000000e+02,2.730000000000000000e+02,2.730000000000000000e+02,1.765225410461425781e+00,1.765225410461425781e+00,0.000000000000000000e+00,0.000000000000000000e+00,0.000000000000000000e+00,1.062495507812500000e+04
0.000000000000000000e+00,0.000000000000000000e+00,0.000000000000000000e+00,0.000000000000000000e+00,0.000000000000000000e+00,1.115454578399658203e+01,1.115454578399658203e+01,0.000000000000000000e+00,4.250000000000000000e+02,4.250000000000000000e+02,2.160000000000000000e+02,2.160000000000000000e+02,1.604350686073303223e+00,1.604350686073303223e+00,0.000000000000000000e+00,0.000000000000000000e+00,0.000000000000000000e+00,1.072110058593750000e+04
0.000000000000000000e+00,0.000000000000000000e+00,0.000000000000000000e+00,0.000000000000000000e+00,0.000000000000000000e+00,1.116545486450195312e+01,1.116545486450195312e+01,0.000000000000000000e+00,4.630000000000000000e+02,4.630000000000000000e+02,2.380000000000000000e+02,2.380000000000000000e+02,1.692033290863037109e+00,1.692033290863037109e+00,0.000000000000000000e+00,0.000000000000000000e+00,0.000000000000000000e+00,1.081977148437500000e+04
0.000000000000000000e+00,0.000000000000000000e+00,0.000000000000000000e+00,0.000000000000000000e+00,0.000000000000000000e+00,1.079818153381347656e+01,1.079818153381347656e+01,0.000000000000000000e+00,4.690000000000000000e+02,4.690000000000000000e+02,2.880000000000000000e+02,2.880000000000000000e+02,1.884387373924255371e+00,1.884387373924255371e+00,0.000000000000000000e+00,0.000000000000000000e+00,0.000000000000000000e+00,1.091945410156250000e+04
0.000000000000000000e+00,0.000000000000000000e+00,0.000000000000000000e+00,0.000000000000000000e+00,0.000000000000000000e+00,1.057272720336914062e+01,1.057272720336914062e+01,0.000000000000000000e+00,5.390000000000000000e+02,5.390000000000000000e+02,4.730000000000000000e+02,4.730000000000000000e+02,1.926083207130432129e+00,1.926083207130432129e+00,0.000000000000000000e+00,0.000000000000000000e+00,0.000000000000000000e+00,1.102887597656250000e+04
0.000000000000000000e+00,0.000000000000000000e+00,0.000000000000000000e+00,0.000000000000000000e+00,0.000000000000000000e+00,1.084000015258789062e+01,1.084000015258789062e+01,0.000000000000000000e+00,5.360000000000000000e+02,5.360000000000000000e+02,4.170000000000000000e+02,4.170000000000000000e+02,1.822003722190856934e+00,1.822003722190856934e+00,0.000000000000000000e+00,0.000000000000000000e+00,0.000000000000000000e+00,1.112566699218750000e+04
0.000000000000000000e+00,0.000000000000000000e+00,0.000000000000000000e+00,0.000000000000000000e+00,0.000000000000000000e+00,1.088727283477783203e+01,1.088727283477783203e+01,0.000000000000000000e+00,4.980000000000000000e+02,4.980000000000000000e+02,3.580000000000000000e+02,3.580000000000000000e+02,1.750630736351013184e+00,1.750630736351013184e+00,0.000000000000000000e+00,0.000000000000000000e+00,0.000000000000000000e+00,1.122382031250000000e+04
0.000000000000000000e+00,0.000000000000000000e+00,0.000000000000000000e+00,0.000000000000000000e+00,0.000000000000000000e+00,1.062363624572753906e+01,1.062363624572753906e+01,0.000000000000000000e+00,4.630000000000000000e+02,4.630000000000000000e+02,2.940000000000000000e+02,2.940000000000000000e+02,1.700775742530822754e+00,1.700775742530822754e+00,0.000000000000000000e+00,0.000000000000000000e+00,0.000000000000000000e+00,1.132478222656250000e+04
0.000000000000000000e+00,0.000000000000000000e+00,0.000000000000000000e+00,0.000000000000000000e+00,0.000000000000000000e+00,1.101090908050537109e+01,1.101090908050537109e+01,0.000000000000000000e+00,4.760000000000000000e+02,4.760000000000000000e+02,3.250000000000000000e+02,3.250000000000000000e+02,1.648542046546936035e+00,1.648542046546936035e+00,0.000000000000000000e+00,0.000000000000000000e+00,0.000000000000000000e+00,1.142021777343750000e+04
0.000000000000000000e+00,0.000000000000000000e+00,0.000000000000000000e+00,0.000000000000000000e+00,0.000000000000000000e+00,1.100909137725830078e+01,1.100909137725830078e+01,0.000000000000000000e+00,4.380000000000000000e+02,4.380000000000000000e+02,2.620000000000000000e+02,2.620000000000000000e+02,1.608039736747741699e+00,1.608039736747741699e+00,0.000000000000000000e+00,0.000000000000000000e+00,0.000000000000000000e+00,1.152439648437500000e+04
0.000000000000000000e+00,0.000000000000000000e+00,0.000000000000000000e+00,0.000000000000000000e+00,0.000000000000000000e+00,1.085272693634033203e+01,1.085272693634033203e+01,0.000000000000000000e+00,4.380000000000000000e+02,4.380000000000000000e+02,2.090000000000000000e+02,2.090000000000000000e+02,1.698415994644165039e+00,1.698415994644165039e+00,0.000000000000000000e+00,0.000000000000000000e+00,0.000000000000000000e+00,1.162300976562500000e+04
0.000000000000000000e+00,0.000000000000000000e+00,0.000000000000000000e+00,0.000000000000000000e+00,0.000000000000000000e+00,1.081999969482421875e+01,1.081999969482421875e+01,0.000000000000000000e+00,4.060000000000000000e+02,4.060000000000000000e+02,1.830000000000000000e+02,1.830000000000000000e+02,1.662382006645202637e+00,1.662382006645202637e+00,0.000000000000000000e+00,0.000000000000000000e+00,0.000000000000000000e+00,1.171876074218750000e+04
0.000000000000000000e+00,0.000000000000000000e+00,0.000000000000000000e+00,0.000000000000000000e+00,0.000000000000000000e+00,1.087272739410400391e+01,1.087272739410400391e+01,0.000000000000000000e+00,3.340000000000000000e+02,3.340000000000000000e+02,1.390000000000000000e+02,1.390000000000000000e+02,1.563870906829833984e+00,1.563870906829833984e+00,0.000000000000000000e+00,0.000000000000000000e+00,0.000000000000000000e+00,1.181381054687500000e+04
0.000000000000000000e+00,0.000000000000000000e+00,0.000000000000000000e+00,0.000000000000000000e+00,0.000000000000000000e+00,1.100000000000000000e+01,1.100000000000000000e+01,0.000000000000000000e+00,3.240000000000000000e+02,3.240000000000000000e+02,1.610000000000000000e+02,1.610000000000000000e+02,1.577734589576721191e+00,1.577734589576721191e+00,0.000000000000000000e+00,0.000000000000000000e+00,0.000000000000000000e+00,1.192443457031250000e+04
0.000000000000000000e+00,0.000000000000000000e+00,0.000000000000000000e+00,0.000000000000000000e+00,0.000000000000000000e+00,1.077272701263427734e+01,1.077272701263427734e+01,0.000000000000000000e+00,4.350000000000000000e+02,4.350000000000000000e+02,3.050000000000000000e+02,3.050000000000000000e+02,1.612631559371948242e+00,1.612631559371948242e+00,0.000000000000000000e+00,0.000000000000000000e+00,0.000000000000000000e+00,1.202975292968750000e+04
0.000000000000000000e+00,0.000000000000000000e+00,0.000000000000000000e+00,0.000000000000000000e+00,0.000000000000000000e+00,1.103818225860595703e+01,1.103818225860595703e+01,0.000000000000000000e+00,3.630000000000000000e+02,3.630000000000000000e+02,1.920000000000000000e+02,1.920000000000000000e+02,1.595770001411437988e+00,1.595770001411437988e+00,0.000000000000000000e+00,0.000000000000000000e+00,0.000000000000000000e+00,1.213264257812500000e+04
0.000000000000000000e+00,0.000000000000000000e+00,0.000000000000000000e+00,0.000000000000000000e+00,0.000000000000000000e+00,1.080000019073486328e+01,1.080000019073486328e+01,0.000000000000000000e+00,4.460000000000000000e+02,4.460000000000000000e+02,2.660000000000000000e+02,2.660000000000000000e+02,1.782782435417175293e+00,1.782782435417175293e+00,0.000000000000000000e+00,0.000000000000000000e+00,0.000000000000000000e+00,1.223418945312500000e+04
0.000000000000000000e+00,0.000000000000000000e+00,0.000000000000000000e+00,0.000000000000000000e+00,0.000000000000000000e+00,1.074181842803955078e+01,1.074181842803955078e+01,0.000000000000000000e+00,4.470000000000000000e+02,4.470000000000000000e+02,2.290000000000000000e+02,2.290000000000000000e+02,1.761182188987731934e+00,1.761182188987731934e+00,0.000000000000000000e+00,0.000000000000000000e+00,0.000000000000000000e+00,1.233751367187500000e+04
0.000000000000000000e+00,0.000000000000000000e+00,0.000000000000000000e+00,0.000000000000000000e+00,0.000000000000000000e+00,1.102000045776367188e+01,1.102000045776367188e+01,0.000000000000000000e+00,4.510000000000000000e+02,4.510000000000000000e+02,2.430000000000000000e+02,2.430000000000000000e+02,1.654492497444152832e+00,1.654492497444152832e+00,0.000000000000000000e+00,0.000000000000000000e+00,0.000000000000000000e+00,1.244964257812500000e+04
0.000000000000000000e+00,0.000000000000000000e+00,0.000000000000000000e+00,0.000000000000000000e+00,0.000000000000000000e+00,1.189636325836181641e+01,1.189636325836181641e+01,0.000000000000000000e+00,3.730000000000000000e+02,3.730000000000000000e+02,2.130000000000000000e+02,2.130000000000000000e+02,1.493220925331115723e+00,1.493220925331115723e+00,0.000000000000000000e+00,0.000000000000000000e+00,0.000000000000000000e+00,1.254769824218750000e+04
0.000000000000000000e+00,0.000000000000000000e+00,0.000000000000000000e+00,0.000000000000000000e+00,0.000000000000000000e+00,1.221090888977050781e+01,1.221090888977050781e+01,0.000000000000000000e+00,4.960000000000000000e+02,4.960000000000000000e+02,3.410000000000000000e+02,3.410000000000000000e+02,1.666674852371215820e+00,1.666674852371215820e+00,0.000000000000000000e+00,0.000000000000000000e+00,0.000000000000000000e+00,1.265093750000000000e+04
0.000000000000000000e+00,0.000000000000000000e+00,0.000000000000000000e+00,0.000000000000000000e+00,0.000000000000000000e+00,1.147636318206787109e+01,1.147636318206787109e+01,0.000000000000000000e+00,5.140000000000000000e+02,5.140000000000000000e+02,3.790000000000000000e+02,3.790000000000000000e+02,1.841999053955078125e+00,1.841999053955078125e+00,0.000000000000000000e+00,0.000000000000000000e+00,0.000000000000000000e+00,1.275259375000000000e+04
0.000000000000000000e+00,0.000000000000000000e+00,0.000000000000000000e+00,0.000000000000000000e+00,0.000000000000000000e+00,1.105454540252685547e+01,1.105454540252685547e+01,0.000000000000000000e+00,5.230000000000000000e+02,5.230000000000000000e+02,3.640000000000000000e+02,3.640000000000000000e+02,1.842136025428771973e+00,1.842136025428771973e+00,0.000000000000000000e+00,0.000000000000000000e+00,0.000000000000000000e+00,1.285364550781250000e+04
0.000000000000000000e+00,0.000000000000000000e+00,0.000000000000000000e+00,0.000000000000000000e+00,0.000000000000000000e+00,1.078181838989257812e+01,1.078181838989257812e+01,0.000000000000000000e+00,4.930000000000000000e+02,4.930000000000000000e+02,2.910000000000000000e+02,2.910000000000000000e+02,1.809333324432373047e+00,1.809333324432373047e+00,0.000000000000000000e+00,0.000000000000000000e+00,0.000000000000000000e+00,1.296184960937500000e+04
0.000000000000000000e+00,0.000000000000000000e+00,0.000000000000000000e+00,0.000000000000000000e+00,0.000000000000000000e+00,1.051272773742675781e+01,1.051272773742675781e+01,0.000000000000000000e+00,4.810000000000000000e+02,4.810000000000000000e+02,2.600000000000000000e+02,2.600000000000000000e+02,1.796030759811401367e+00,1.796030759811401367e+00,0.000000000000000000e+00,0.000000000000000000e+00,0.000000000000000000e+00,1.306152050781250000e+04
0.000000000000000000e+00,0.000000000000000000e+00,0.000000000000000000e+00,0.000000000000000000e+00,0.000000000000000000e+00,1.059090900421142578e+01,1.059090900421142578e+01,0.000000000000000000e+00,4.330000000000000000e+02,4.330000000000000000e+02,1.970000000000000000e+02,1.970000000000000000e+02,1.674978494644165039e+00,1.674978494644165039e+00,0.000000000000000000e+00,0.000000000000000000e+00,0.000000000000000000e+00,1.316054687500000000e+04
0.000000000000000000e+00,0.000000000000000000e+00,0.000000000000000000e+00,0.000000000000000000e+00,0.000000000000000000e+00,1.066545486450195312e+01,1.066545486450195312e+01,0.000000000000000000e+00,3.680000000000000000e+02,3.680000000000000000e+02,1.780000000000000000e+02,1.780000000000000000e+02,1.624966382980346680e+00,1.624966382980346680e+00,0.000000000000000000e+00,0.000000000000000000e+00,0.000000000000000000e+00,1.325734375000000000e+04
0.000000000000000000e+00,0.000000000000000000e+00,0.000000000000000000e+00,0.000000000000000000e+00,0.000000000000000000e+00,1.083636379241943359e+01,1.083636379241943359e+01,0.000000000000000000e+00,3.680000000000000000e+02,3.680000000000000000e+02,1.650000000000000000e+02,1.650000000000000000e+02,1.647262811660766602e+00,1.647262811660766602e+00,0.000000000000000000e+00,0.000000000000000000e+00,0.000000000000000000e+00,1.335982226562500000e+04
0.000000000000000000e+00,0.000000000000000000e+00,0.000000000000000000e+00,0.000000000000000000e+00,0.000000000000000000e+00,1.127454566955566406e+01,1.127454566955566406e+01,0.000000000000000000e+00,4.040000000000000000e+02,4.040000000000000000e+02,1.520000000000000000e+02,1.520000000000000000e+02,1.441775560379028320e+00,1.441775560379028320e+00,0.000000000000000000e+00,0.000000000000000000e+00,0.000000000000000000e+00,1.345711621093750000e+04
0.000000000000000000e+00,0.000000000000000000e+00,0.000000000000000000e+00,0.000000000000000000e+00,0.000000000000000000e+00,1.161636352539062500e+01,1.161636352539062500e+01,0.000000000000000000e+00,4.130000000000000000e+02,4.130000000000000000e+02,1.920000000000000000e+02,1.920000000000000000e+02,1.447152614593505859e+00,1.447152614593505859e+00,0.000000000000000000e+00,0.000000000000000000e+00,0.000000000000000000e+00,1.356328125000000000e+04
0.000000000000000000e+00,0.000000000000000000e+00,0.000000000000000000e+00,0.000000000000000000e+00,0.000000000000000000e+00,1.117636394500732422e+01,1.117636394500732422e+01,0.000000000000000000e+00,4.390000000000000000e+02,4.390000000000000000e+02,2.670000000000000000e+02,2.670000000000000000e+02,1.638428688049316406e+00,1.638428688049316406e+00,0.000000000000000000e+00,0.000000000000000000e+00,0.000000000000000000e+00,1.366462109375000000e+04
0.000000000000000000e+00,0.000000000000000000e+00,0.000000000000000000e+00,0.000000000000000000e+00,0.000000000000000000e+00,1.111999988555908203e+01,1.111999988555908203e+01,0.000000000000000000e+00,3.210000000000000000e+02,3.210000000000000000e+02,1.650000000000000000e+02,1.650000000000000000e+02,1.398688435554504395e+00,1.398688435554504395e+00,0.000000000000000000e+00,0.000000000000000000e+00,0.000000000000000000e+00,1.376075000000000000e+04
0.000000000000000000e+00,0.000000000000000000e+00,0.000000000000000000e+00,0.000000000000000000e+00,0.000000000000000000e+00,1.045090866088867188e+01,1.045090866088867188e+01,0.000000000000000000e+00,2.400000000000000000e+02,2.400000000000000000e+02,1.050000000000000000e+02,1.050000000000000000e+02,1.174219012260437012e+00,1.174219012260437012e+00,0.000000000000000000e+00,0.000000000000000000e+00,0.000000000000000000e+00,1.385343847656250000e+04
0.000000000000000000e+00,0.000000000000000000e+00,0.000000000000000000e+00,0.000000000000000000e+00,0.000000000000000000e+00,1.064181804656982422e+01,1.064181804656982422e+01,0.000000000000000000e+00,2.880000000000000000e+02,2.880000000000000000e+02,1.350000000000000000e+02,1.350000000000000000e+02,1.218540787696838379e+00,1.218540787696838379e+00,0.000000000000000000e+00,0.000000000000000000e+00,0.000000000000000000e+00,1.394698730468750000e+04
0.000000000000000000e+00,0.000000000000000000e+00,0.000000000000000000e+00,0.000000000000000000e+00,0.000000000000000000e+00,1.070545482635498047e+01,1.070545482635498047e+01,0.000000000000000000e+00,2.680000000000000000e+02,2.680000000000000000e+02,1.020000000000000000e+02,1.020000000000000000e+02,9.515789747238159180e-01,9.515789747238159180e-01,0.000000000000000000e+00,0.000000000000000000e+00,0.000000000000000000e+00,1.403571093750000000e+04
0.000000000000000000e+00,0.000000000000000000e+00,0.000000000000000000e+00,0.000000000000000000e+00,0.000000000000000000e+00,1.064181804656982422e+01,1.064181804656982422e+01,0.000000000000000000e+00,2.570000000000000000e+02,2.570000000000000000e+02,1.360000000000000000e+02,1.360000000000000000e+02,1.343265295028686523e+00,1.343265295028686523e+00,0.000000000000000000e+00,0.000000000000000000e+00,0.000000000000000000e+00,1.413826269531250000e+04
0.000000000000000000e+00,0.000000000000000000e+00,0.000000000000000000e+00,0.000000000000000000e+00,0.000000000000000000e+00,1.050909137725830078e+01,1.050909137725830078e+01,0.000000000000000000e+00,3.690000000000000000e+02,3.690000000000000000e+02,1.890000000000000000e+02,1.890000000000000000e+02,1.609669089317321777e+00,1.609669089317321777e+00,0.000000000000000000e+00,0.000000000000000000e+00,0.000000000000000000e+00,1.423766699218750000e+04
0.000000000000000000e+00,0.000000000000000000e+00,0.000000000000000000e+00,0.000000000000000000e+00,0.000000000000000000e+00,1.034909057617187500e+01,1.034909057617187500e+01,0.000000000000000000e+00,3.600000000000000000e+02,3.600000000000000000e+02,1.510000000000000000e+02,1.510000000000000000e+02,1.577822923660278320e+00,1.577822923660278320e+00,0.000000000000000000e+00,0.000000000000000000e+00,0.000000000000000000e+00,1.433570996093750000e+04
0.000000000000000000e+00,0.000000000000000000e+00,0.000000000000000000e+00,0.000000000000000000e+00,0.000000000000000000e+00,1.039454555511474609e+01,1.039454555511474609e+01,0.000000000000000000e+00,2.500000000000000000e+02,2.500000000000000000e+02,9.100000000000000000e+01,9.100000000000000000e+01,1.260571718215942383e+00,1.260571718215942383e+00,0.000000000000000000e+00,0.000000000000000000e+00,0.000000000000000000e+00,1.443160058593750000e+04
